Longitude,Latitude,Company,Address,City,State,zipcode,Company Website,Feedstock,Status,Capacity [Mg/y],State Date
-103.33440399200,34.18619155880,Abengoa Bioenergy Corp.,,Portales,NM,,,milo,Not Producing,30,July 2005
-87.72813000000,37.90528500000,Abengoa Bioenergy Corp.,10610 Darnell School Road,Mt. Vernon,IN,47620,http://www.abengoa-bioenergy.com,corn,construction,88,unknown
-89.98250100000,38.68568100000,Abengoa Bioenergy Corp.,395 Bissell Street,Madison,IL,62062,http://www.abengoa-bioenergy.com,corn,construction,88,unknown
-97.53147800000,37.78656400000,Abengoa Bioenergy Corp.,523 East Union Avenue,Colwich,KS,67030,http://www.abengoa-bioenergy.com,corn/milo,operating,25,December 2002
-97.53980200000,40.87230500000,Abengoa Bioenergy Corp.,1414 Road O,York,NE,68467,http://www.abengoa-bioenergy.com,Corn,operating,55,December 1993
-98.87475100000,41.01713900000,Abengoa Bioenergy Corp.,35955 Navaho Road,Ravenna,NE,68869,http://www.abengoa-bioenergy.com,Corn,operating,88,July 2007
-92.94978300000,43.49980100000,Absolute Energy - LLC*,1372 State Line Road,St. Ansgar,IA,50472,http://www.absenergy.org/,Corn,operating,100,February 2008
-90.96037500000,44.95877900000,ACE Ethanol - LLC,815 West Maple Street,Stanley,WI,54768,http://www.aceethanol.com,Corn,operating,42,June 2002
-89.80143300000,42.35778800000,Adkins Energy - LLC*,4350 W. Galena Road,Lena,IL,61048,http://www.adkinsenergy.com,Corn,operating,43,August 2002
-97.59585600000,40.61123400000,Advanced Bioenergy - LLC,1214 Road G,Fairmont,NE,68354,http://www.advancedbioenergy.com/,Corn,operating,100,October 2007
-88.93839600000,38.00595600000,Ag Energy Resources - Inc.,10163 Sugar Creek Road,Benton,IL,62812,http://www.agenergyresources.com,corn,construction,5,2010
-98.39227800000,40.58982800000,AGP*,,Hastings,NE,,http://www.agp.com,Corn,operating,52,1992
-96.22307700000,43.64269700000,Agri-Energy - LLC*,502 S Walnut Avenue,Luverne,MN,56156,http://www.buycorn.com,Corn,operating,21,February 1999
-92.99528000000,44.05194500000,Al-Corn Clean Fuel*,,Claremont,MN,,http://www.al-corn.com,Corn,operating,36,May 1996
-97.41063690230,48.41220855760,Alchem LLP,,Grafton,ND,,,Corn,Not Producing,11,1990
-81.85957336450,40.27201080300,AltraBiofuels Coshocton Ethanol LLC,,Coshocton,OH,,,Corn,Not Producing,60,October 2007
-86.79389953570,39.51476669340,AltraBiofuels Indiana LLC,,Cloverdale,IN,,,corn,operating,88,Jan 2009
-119.42479000000,36.34897800000,AltraBiofuels Phoenix Bio Industries - LLC,,Goshen,CA,,http://www.altrabiofuels.com,Corn,operating,25,September 2005
-95.35186000000,42.01237800000,Amaizing Energy - LLC*,,Denison,IA,,http://www.amzenergy.com,Corn,operating,55,September 2005
-95.01442600000,41.40400600000,Amaizing Energy - LLC*,,Atlantic,IA,,http://www.amzenergy.com,Corn,operating,110,August 2009
-77.28720092810,37.30431747470,Appomattox Bio Energy LLC,,Hopewell,VA,,,Winter Barley,construction,65,May 2010
-91.68631800000,41.92719700000,Archer Daniels Midland,,Cedar Rapids,IA,,http://www.admworld.com,Corn,construction,275,third quarter of  2010
-91.68631800000,41.92719700000,Archer Daniels Midland,1350 Waconia Drive,Cedar Rapids,IA,52404,http://www.admworld.com,Corn,operating,420,purchased 1981
-90.21538300000,41.81796000000,Archer Daniels Midland,1251 Beaver Channel Parkway,Clinton,IA,52732,http://www.admworld.com,Corn,operating,237,purchased 1982
-95.80172600000,44.47087100000,Archer Daniels Midland,400 W Erie Road,Marshall,MN,56258,http://www.admworld.com,Corn,operating,40,purchased 2002
-89.60509700000,40.67707500000,Archer Daniels Midland,1 Edmund Street,Peoria,IL,61602,http://www.admworld.com,Corn,operating,100,purchased 1981
-88.88036600000,39.86622900000,Archer Daniels Midland,4666 Faries Parkway,Decatur,IL,62526,http://www.admworld.com,Corn,operating,290,purchased 1978
-97.28973100000,41.42419100000,Archer Daniels Midland,3000 East 8th St,Columbus,NE,68601,http://www.admworld.com,Corn,construction,100,third quarter of  2010
-97.92248100000,48.91976800000,Archer Daniels Midland,,Walhalla,ND,,http://www.admworld.com,Corn/barley,operating,28,purchased 1991
-100.92368300000,37.04078700000,Arkalon Energy - LLC,300 N. Lincoln Avenue,Liberal,KS,67901,,Corn,operating,110,December 2007
-89.61807600000,40.56897400000,Aventine Renewable Energy - LLC,120 North Parkway,Pekin,IL,61555,http://www.aventinerei.com,Corn,operating,160,1981
-98.03617700000,40.85855100000,Aventine Renewable Energy - LLC,1205 South O Road,Aurora,NE,68818,http://www.aventinerei.com,Corn,operating,50,1995
-89.64944200000,42.59579800000,Badger State Ethanol - LLC*,820 W. 17th Street,Monroe,WI,53566,http://www.badgerstateethanol.com,Corn,operating,55,2002
-91.17800000000,40.81900800000,Big River Resources - LLC*,,West Burlington,IA,,http://www.bigriverresources.com,Corn,operating,92,April 2004
-90.04261779710,41.16753768910,Big River Resources Galva LLC,,Galva,IL,,,corn,operating,100,May 2009
-91.12291717490,42.48443603540,Big River United Energy LLC,,Dyersville,IA,,,corn,Not Producing,110,September 2008
-94.49261200000,43.66576900000,BioFuel Energy - Buffalo Lake Energy - LLC,1005 N Bixby Rd,Fairmont,MN,56031,http://www.bfenergy.com/,Corn,operating,115,January 2008
-98.60741500000,40.81559100000,BioFuel Energy - Pioneer Trail Energy - LLC,7878 S 140th Rd,Wood River,NE,68883,http://www.bfenergy.com/,Corn,operating,115,March 2007
-78.43807700000,41.02438000000,Bional Clearfield,,Clearfield,PA,,http://www.bioenergyllc.com,Corn,construction,110,Feb 2010
-101.19370600000,47.45839900000,Blue Flint Ethanol,2841 Third Street SW,Underwood,ND,58576,http://www.blueflintethanol.com,Corn,operating,50,February 2007
-100.85578261600,37.97476591960,Bonanza Energy - LLC,,Garden City,KS,,http://www.conestogaenergy.com/,Corn/milo,operating,55,October 2007
-103.09909820600,41.66525268590,Bridgeport Ethanol LLC,,Bridgeport,NE,,,corn,operating,50,2007
-90.89166400000,32.39179800000,Bunge-Ergon Vicksburg,1833 Haining Rd,Vicksburg,MS,39183,http://www.bunge-ergon-vicksburg.com/,corn,operating,54,May 2008
-94.77758900000,45.13900400000,Bushmills Ethanol - Inc.*,,Atwater,MN,56209,http://www.bushmillsethanol.com,Corn,operating,49,December 2005
-119.29367828400,35.96849822930,Calgren Renewable Fuels LLC,,Pixley,CA,,,corn,operating,52,August 2008
-85.13832855240,42.78475570740,Carbon Green BioEnergy Woodbury LLC,,Lake Odessa,MI,,,corn,operating,50,September 2006
-84.86248800000,40.18657300000,Cardinal Ethanol,1554 N. 600 E.,Union City,IN,47390,http://www.cardinalethanol.com/Index/index.php,Corn,operating,100,October 2008
-92.62842000000,41.15369500000,Cargill - Inc.,,Eddyville,IA,,http://www.cargill.com,Corn,operating,35,sept 1992
-96.09911600000,41.53697700000,Cargill - Inc.,650 Industrial Road,Blair,NE,68008,http://www.cargill.com,Corn,operating,85,april 1994
-123.20678710900,46.10122299140,Cascade Grain Products LLC,,Clatskanie,OR,,,corn,Not Producing,113,June 2008
-90.07233100000,43.98167100000,Castle Rock Renewable Fuels - LLC,N9585 State Road 80,Necedah,WI,54646,http://www.castlerockethanol.com,Corn,operating,50,fourth quarter 2007
-90.17624000000,38.60122300000,Center Ethanol Company,231 Monsanto Avenue,Sauget,IL,62201,,Corn,operating,50,February 2008
-85.71278800000,40.56313500000,Central Indiana Ethanol - LLC,2955 West Delphi Pike,Marion,IN,46952,http://www.cie.us,Corn,operating,40,March 2007
-94.33950600000,46.02186000000,Central MN Ethanol Coop*,17936 Heron Road,Little Falls,MN,56345,http://www.centralmnethanol.com,Corn,operating,21,January 1999
-89.54400634840,44.45635986380,Central Wisconsin Alcohol,,Plover,WI,,,seed corn/whey,Not Producing,7,May 2008
-98.33914700000,40.58245000000,Chief Ethanol,4225 E. South Street,Hastings,NE,68901,http://www.chiefethanol.com,Corn,operating,62,1985
-95.61109700000,45.31496800000,Chippewa Valley Ethanol Co.*,270 20th Street NW,Benson,MN,56215,http://www.cvec.com,Corn,operating,45,1996
-120.92083000000,37.56071500000,Cilion Ethanol,,Keyes,CA,,,corn,construction,55,November 2008
-79.15045100000,34.94756600000,Clean Burn Fuels - LLC,269 Pate Road,Raeford,NC,28376,http://cleanburnfuels.com/,Corn,construction,60,Jan 2010
-87.46152900000,36.84397900000,Commonwealth Agri-Energy - LLC*,4895 Pemboke Road,Hopkinsville,KY,42241,http://www.commonwealthagrienergy.com,Corn,operating,33,March 2004
-93.63989300000,42.73157800000,Corn - LP*,1303 Hwy 3 East,Goldfield,IA,50542,http://www.cornlp.com,Corn,operating,50,December 2005
-94.15565800000,43.76047100000,Corn Plus - LLP*,711 6th Avenue SE,Winnebago,MN,56098,http://www.cornplusethanol.com,Corn,operating,44,November 1994
-84.46057300000,38.04652500000,Cornhusker Energy Lexington - LLC,1111 East Industry Drive,Lexington,NE,68850,http://www.cornhuskerenergy.com,Corn,operating,40,December 2005
-80.88729095480,35.78263855020,Custom Recovery Services LLC,,Statesville,NC,,,,construction,5,June 2010
-96.95590400000,43.97882200000,Dakota Ethanol - LLC*,46269 SD HWY 34,Wentworth,SD,57075,http://www.dakotaethanol.com,Corn,operating,50,2001
-99.17035675060,35.34893798830,Dean CEG LLC,,Burns Flat,OK,,,Corn/milo/molasses,operating,2,August 2006
-95.91394043020,45.58607101440,DENCO LLC,,Morris,MN,,,corn,Not Producing,24,September 1999
-89.10674500000,43.54098700000,Didion Ethanol,501 South Williams Street,Cambria,WI,53923,http://www.didionmilling.com/default.aspx,Corn,operating,50,April 2008
-101.70761600000,39.34156600000,E Caruso (Goodland Energy Center),,Goodland,KS,,,Corn,construction,20,N/A
-96.54139600000,40.48027900000,E Energy Adams - LLC,13238 East Aspen Road,Adams,NE,68301,http://www.eenergyadams.com/,Corn,operating,50,November 2007
-95.24031500000,38.27246500000,East Kansas Agri-Energy - LLC*,1304 S Main,Garnett,KS,66032,http://www.ekaellc.com/,Corn,operating,35,June 2005
-101.36102200000,38.47928000000,ESE Alcohol Inc.,1 1/2 East K-96,Leoti,KS,67861,,Seed corn,operating,2,January 1991
-92.08435058540,41.90943908670,Fiberight of Blairstown LLC,,Blairstown,IA,,,MSW,Not Producing,2,mid 2010
-104.85651100000,40.46051500000,Front Range Energy - LLC,31375 Great Western Drive,Windsor,CO,80550,http://www.frontrangeenergy.com/,Corn,operating,40,May 2006
-98.78409100000,45.44164300000,Glacial Lakes Energy - LLC - Mina,13435 370th Avenue,Mina,SD,57451,http://www.glaciallakesenergy.com,corn,operating,100,2002
-97.11338200000,44.87625700000,Glacial Lakes Energy - LLC*,301 20th Avenue SE,Watertown,SD,57201,http://www.glaciallakesenergy.com/,Corn,operating,100,December 2000
-94.09351400000,43.37925000000,Global Ethanol/Midwest Grain Processors,,Lakota,IA,,http://www.globalethanolservices.com/,Corn,operating,100,November 2002
-83.82608800000,41.77385100000,Global Ethanol/Midwest Grain Processors,,Riga,MI,,http://www.globalethanolservices.com/,Corn,operating,57,February 2007
-117.58098700000,33.89247000000,Golden Cheese Company of California*,1138 West Rincon Street,Corona,CA,92880,,Cheese whey,operating,5,January 1985
-93.19944100000,43.15272500000,Golden Grain Energy - LLC*,,Mason City,IA,,http://www.goldengrainenergy.com/,Corn,operating,100,December 2004
-95.36960800000,40.19401400000,Golden Triangle Energy - LLC*,,Craig,MO,,http://www.goldentriangleenergy.com/,Corn,operating,20,February 2001
-87.17279052720,38.65921783400,Grain Processing Corp.,,Washington,IN,,,Corn,operating,20,N/A - emailed
-91.06329800000,41.39884500000,Grain Processing Corp.,1600 Oregon Street,Muscatine,IA,52761,http://www.grainprocessing.com/,Corn,operating,10,2000
-95.55150000000,44.80617900000,Granite Falls Energy - LLC*,,Granite Falls,MN,,http://www.granitefallsenergy.com/,Corn,operating,50,November 2005
-84.10522460930,40.74254989680,Greater Ohio Ethanol LLC,,Lima,OH,,,corn,Not Producing,54,November 2007
-89.19133400000,36.26021100000,Green Plains Renewable Energy,,Obion,TN,,http://www.gpreinc.com/,Corn,operating,100,November 2008
-98.92619323670,41.60334014890,Green Plains Renewable Energy,,Ord,NE,,,Corn,operating,45,May 2007
-85.20312100000,40.72136500000,Green Plains Renewable Energy,1469 S Adams Street,Bluffton,IN,46714,http://www.gpreinc.com/,Corn,operating,100,September 2008
-94.95429100000,43.45230000000,Green Plains Renewable Energy,1495 320th Avenue,Superior,IA,51363,http://www.gpreinc.com/,Corn,operating,50,November 2007
-95.39920000000,40.75710800000,Green Plains Renewable Energy,4124 Airport Road,Shenandoah,IA,51601,http://www.gpreinc.com/,Corn,operating,50,June 2007
-98.00101900000,41.11210600000,Green Plains Renewable Energy,214 20th Street,Central City,NE,68826,http://www.gpreinc.com/,corn,operating,100,April 2004
-93.67227600000,44.10927800000,Guardian Energy,4745 380th Avenue,Janesville,MN,56048,http://www.verasun.com,corn,operating,110,maybe Dec 2009
-96.88695500000,46.07559300000,Hankinson Renewable Energy - LLC,9230 County Road 1,Hankinson,ND,58041,http://www.murphyoilcorp.com/,corn,operating,110,2008
-94.40453500000,41.51878600000,Hawkeye Renewables - LLC,,Menlo,IA,,http://www.hawkeye-energy.com/default.aspx,Corn,operating,115,October 2008
-92.58073600000,42.71225600000,Hawkeye Renewables - LLC,,Shell Rock,IA,,http://www.hawkeye-energy.com/default.aspx,Corn,operating,115,October 2008
-93.28948500000,42.50689900000,Hawkeye Renewables - LLC,21050 140th Street,Iowa Falls,IA,50126,http://www.hawkeye-energy.com/default.aspx,Corn,operating,100,November 2004
-92.02686700000,42.64052400000,Hawkeye Renewables - LLC,1277 102nd Street,Fairbank,IA,50629,http://www.hawkeye-energy.com/default.aspx,Corn,operating,115,June 2006
-94.36878700000,44.54308400000,Heartland Corn Products*,,Winthrop,MN,,,Corn,operating,95,2000
-98.25482900000,44.37494300000,Heartland Grain Fuels - LP,694 West Park Avenue NW,Huron,SD,57350,http://www.advancedbioenergy.com/,Corn,operating,30,November 1999
-98.54288200000,45.45972300000,Heartland Grain Fuels - LP,38469 133rd Street,Aberdeen,SD,57401,http://www.advancedbioenergy.com/,Corn,operating,48,Jan 2008
-95.29538900000,43.81209500000,Heron Lake BioEnergy - LLC,91246 390th Avenue,Heron Lake,MN,5613,http://www.heronlakebioenergy.com/,Corn,operating,50,sept 2007
-95.26416778480,44.23106765740,Highwater Ethanol LLC,,Lamberton,MN,,,corn,operating,55,August 2009
-92.31785400000,43.05931000000,Homeland Energy,,New Hampton,IA,,http://www.homelandenergysolutions.com,Corn,operating,100,April 2009
-101.93560300000,34.29003700000,Husker Ag - LLC*,54048 Hwy 20,Plainview,NE,68759,http://www.huskerag.com/,Corn,operating,67,March 2003
-116.67615900000,43.65499600000,Idaho Ethanol Processing,,Caldwell,ID,,http://www.idahoethanol.com/,Potato Waste,operating,5,March 2007
-89.02484400000,41.86215900000,Illinois River Energy - LLC,1900 Steward Road,Rochelle,IL,61068,http://www.illinoisriverenergy.com/,Corn,operating,100,November 2006
-87.15073500000,40.93654000000,Iroquois Bio-Energy Company - LLC,,Rensselaer,IN,47978,http://www.ibecethanol.com/index.asp,corn,operating,40,January 2007
-98.95182200000,40.50310100000,KAAPA Ethanol - LLC*,,Minden,NE,,http://www.kaapaethanol.com/,Corn,operating,40,November 2003
-98.20212400000,38.28960200000,Kansas Ethanol - LLC,1630 Avenue Q,Lyons,KS,67554,http://kansasethanol.net/,Corn,operating,55,May 2008
-104.62800900000,44.09952500000,KL Process Design Group,,Upton,WY,,,Wood waste,operating,2,August 2007
-94.80064800000,45.66793200000,Land O\ Lakes*,1000 E. Kraft Drive,Melrose,MN,56352,,Cheese whey,operating,3,1986
-102.36761300000,33.58038900000,Levelland/Hockley County Ethanol - LLC,,Levelland,TX,,,Corn and milo,operating,40,2008
-94.84656300000,39.73599800000,Lifeline Foods - LLC,2811 S. 11th Street,St. Joseph,MO,64503,http://www.lifeline-foods.com/,Corn,operating,40,July 2007
-87.62680200000,39.00605100000,Lincolnland Agri-Energy - LLC*,10406 N. 1725th Street,Palestine,IL,62451,,Corn,operating,45,July 2004
-93.51146400000,42.02311900000,Lincolnway Energy - LLC*,59511 West Lincoln Hwy,Nevada,IA,50201,http://www.lincolnwayenergy.com/,Corn,operating,50,May 2006
-95.76002500000,42.82142800000,Little Sioux Corn Processors - LP*,4808 F Avenue,Marcus,IA,51035,http://www.littlesiouxcornprocessors.com/,Corn,operating,92,April 2003
-97.38770600000,42.04745300000,Louis Dreyfus Commodities,3002 North Victory Road,Norfolk,NE,68701,http://www.ldcommodities.com/,Corn,operating,40,September 2007
-94.24080657900,42.03165054270,Louis Dreyfus Commodities Grand Jun,,Grand Junction,IA,,,corn,operating,100,May 2009
-92.92153611000,30.23548611000,Louisiana Green Fuels LLC,,Lacassine,LA,,,sugarcane/sweet sorghum,construction,25,unknown
-89.34405300000,41.25997900000,Marquis Energy - LLC,,Hennepin,IL,61327,http://www.marquisenergy.com/,Corn,operating,100,May 2008
-82.48117000000,42.91109100000,Marysville Ethanol - LLC,,Marysville,MI,,,Corn,operating,50,Aug 2008
-104.84398300000,39.67205300000,Merrick & Company,2450 South Peoria Street,Aurora,CO,,http://www.merrick.com/,Waste beer,operating,3,December 1995
-89.64065551710,40.56753921490,MGP Ingredients Inc.,,Pekin,IL,,,Corn / Wheat Starch,Not Producing,78,February 1980
-95.12208557080,39.56647491490,MGP Ingredients Inc.,,Atchison,KS,,,corn/wheat starch,operating,2,at least since 1998
-101.54197600000,40.85410900000,Mid America Agri Products/Wheatland,675 E Stone Street,Madrid,NE,69150,,Corn,operating,44,June 2008
-93.21783800000,39.12855200000,Mid-Missouri Energy - Inc.*,Highway 65,Malta Bend,MO,65339,http://www.midmissourienergy.com/,Corn,operating,40,January 2005
-101.12892600000,41.15672000000,Midwest Renewable Energy - LLC,,Sutherland,NE,69165,http://www.mreethanol.com/,Corn,operating,25,1999
-94.62203700000,44.73752900000,Minnesota Energy*,514 West Yellowstone Trail,Buffalo Lake,MN,55314,http://www.fromfieldtofuel.com/,Corn,operating,18,1997
-98.97815704330,42.53139495910,NEDAK Ethanol LLC,,Atkinson,NE,,,corn,operating,44,fourth quarter 2007
-97.78365325920,39.79444885230,Nesika Energy LLC,,Scandia,KS,,,corn,operating,10,March 2008
-91.22955100000,43.78347200000,New Energy Corp.,3201 West Calvert,South Bend,IN,46680,,Corn,operating,102,1984
-96.73291100000,45.86352400000,North Country Ethanol - LLC*,,Rosholt,SD,,,Corn,operating,20,April 2005
-76.41716003340,43.32284927400,Northeast Biofuels LLC,,Fulton,NY,,,corn,Not Producing,100,August 2008
-97.74700164810,40.88389968860,Northern Utilities LLC,,Bradshaw,NE,,,corn/various biomass,construction,100,to be determined
-97.26087800000,43.43250200000,NuGen Energy,27283 447th Avenue,Marion,SD,57043,http://www.verasun.com,corn,operating,110,February 2008
-88.37588333000,40.46528611000,One Earth Energy LLC,,Gibson City,IL,,,corn,operating,100,June 2009
-96.13374400000,46.31236500000,Otter Tail Ag Enterprises,24096 170th Avenue,Fergus Falls,MN,56537,http://www.ottertailethanol.com/,Corn,operating,58,March 2008
-119.70128600000,45.83786100000,Pacific Ethanol,,Boardman,OR,97818,http://www.pacificethanol.net,Corn,operating,40,August 2007
-120.06071472100,36.96133804320,Pacific Ethanol Madera LLC,,Madera,CA,,,corn,Not Producing,40,October 2006
-113.79278564500,42.53573989810,Pacific Ethanol Magic Valley LLC,,Burley,ID,,,corn,Not Producing,60,April 2008
-121.29077911500,37.95770263700,Pacific Ethanol Stockton LLC,,Stockton,CA,,,corn,Not Producing,60,September 2008
-102.39650700000,34.82205000000,Panda Ethanol,,Hereford,TX,,,Corn/milo,construction,115,unknown
-81.84313201850,27.89641380230,Parallel Products,,Bartow,FL,,,Beverage Waste,Not Producing,4,December 2001
-85.78922400000,38.22109600000,Parallel Products,1620 Bernheim Lane,Louisville,KY,40210,http://www.parallelproducts.com/,Beverage waste,operating,4,1995
-117.53772400000,34.09909700000,Parallel Products,12281 Arrow Route,Rancho Cucamonga,CA,91739,http://www.parallelproducts.com/,Beverage waste,operating,4,1981
-89.90475900000,41.39673800000,Patriot Renewable Fuels - LLC,,Annawan,IL,61234,http://www.patriotrenewablefuels.com/,Corn,operating,100,August 2008
-91.69550900000,41.92701500000,Penford Products,,Cedar Rapids,IA,52404,http://www.penfordproducts.com/,Corn,operating,37,October 2008
-91.24847412170,42.34388732880,Permeate Refining Inc.,,Hopkinton,IA,,,Sugars & Starches,operating,2,1990
-112.02815500000,33.04350900000,Pinal Energy - LLC,38585 W Cowtown Road,Maricopa,AZ,85239,http://www.pinalenergyllc.com/,Corn,operating,55,July 2007
-93.05675300000,42.45544600000,Pine Lake Corn Processors - LLC,33371 170th Street,Steamboat Rock,IA,50672,http://www.pinelakecorn.com,corn,operating,20,March 2005
-95.34746500000,42.33430600000,Platinum Ethanol - LLC*,,Arthur,IA,,http://www.platinum-ethanol.com/,Corn,operating,110,Dec 2008
-96.24641200000,42.71983700000,Plymouth Ethanol - LLC*,,Merrill,IA,,http://www.plymouth-energy.com/,Corn,operating,50,February 2009
-85.65278500000,40.29498800000,POET Biorefining - Alexandria,13179 N 100 E,Alexandria,IN,46001,http://www.poet.com,Corn,operating,65,April 2008
-95.80854000000,43.27229800000,POET Biorefining - Ashton,4970 260th Street,Ashton,IA,51232,http://www.poet.com,Corn,operating,55,March 2004
-96.54770600000,45.29781500000,POET Biorefining - Big Stone,48416 144th Street,Big Stone City,SD,57216,http://www.poet.com,Corn,operating,75,2002
-95.05895100000,43.90264200000,POET Biorefining - Bingham Lake,40212 510th Avenue,Bingham Lake,MN,56118,http://www.poet.com,corn,operating,30,1997
-83.40954200000,43.47360200000,POET Biorefining - Caro,1551 Empire Drive,Caro,MI,48723,http://www.poet.com,Corn,operating,50,2002
-96.96425000000,43.37133000000,POET Biorefining - Chancellor,27716 462nd Avenue,Chancellor,SD,57015,http://www.poet.com,Corn,operating,100,March 2003
-94.62859000000,41.86064400000,POET Biorefining - Coon Rapids,1015 Grant Avenue,Coon Rapids,IA,50058,http://www.poet.com,Corn,operating,54,2002
-94.79626000000,40.96734700000,POET Biorefining - Corning,1680 Brooks Road,Corning,IA,50841,http://www.poet.com,Corn,operating,60,May 2006
-94.63692600000,43.09745200000,POET Biorefining - Emmetsburg,4724 380th Street,Emmetsburg,IA,50536,http://www.poet.com,Corn,operating,50,April 2005
-83.40541600000,41.16327100000,POET Biorefining - Fostoria,,Fostoria,OH,,http://www.poet.com,Corn,operating,68,September 2008
-93.30959900000,43.81092900000,POET Biorefining - Glenville,15300 780th Avenue,Albert Lea,MN,56007,http://www.poet.com,Corn,operating,45,1999
-94.29030100000,42.32533700000,POET Biorefining - Gowrie,1562 320th Street,Gowrie,IA,50543,http://www.poet.com,Corn,operating,60,summer 2006
-93.38852300000,43.29012300000,POET Biorefining - Hanlontown,3638 Fir Avenue,Hanlontown,IA,50444,http://www.poet.com,Corn,operating,55,February 2004
-96.48001500000,43.09524300000,POET Biorefining - Hudson,29619 Spur Avenue,Hudson,SD,57034,http://www.poet.com,Corn,operating,55,May 2004
-93.65953000000,42.32502000000,POET Biorefining - Jewell,2601 320th Street,Jewell,IA,50130,http://www.poet.com,Corn,operating,60,March 2006
-91.64530700000,39.24665900000,POET Biorefining - Laddonia,809 North Pine,Laddonia,MO,63352,http://www.poet.com,Corn,operating,50,September 2006
-94.26882800000,44.14242700000,POET Biorefining - Lake Crystal,19200 499th Avenue,Lake Crystal,MN,56055,http://www.poet.com,Corn,operating,56,May 2005
-83.93841100000,41.12581600000,POET Biorefining - Leipsic,3875 State Route 65,Leipsic,OH,45856,http://www.poet.com,Corn,operating,60,fall 2007
-92.38352200000,39.74793300000,POET Biorefining - Macon,30211 Major Drive,Macon,MO,63552,http://www.poet.com,Corn,operating,36,2000
-83.12852400000,40.58866900000,POET Biorefining - Marion,,Marion,OH,,http://www.poet.com,Corn,operating,68,October 2008
-98.10472800000,43.80341500000,POET Biorefining - Mitchell,40509 247th Street,Mitchell,SD,57301,http://www.poet.com,Corn,operating,60,December 2006
-85.77447600000,40.99901300000,POET Biorefining - North Manchester,,North Manchester,IN,,http://www.poet.com,Corn,operating,68,September 2008
-85.01944400000,40.41670200000,POET Biorefining - Portland,1542 S. 200 West,Portland,IN,47371,http://www.poet.com,Corn,operating,60,September 2007
-92.09072500000,43.68614000000,POET Biorefining - Preston,701 N. Industrial Drive,Preston,MN,55965,http://www.poet.com,Corn,operating,46,1998
-97.71613200000,43.14858100000,POET Biorefining - Scotland,,Scotland,SD,,http://www.poet.com,Corn,operating,9,1988
-98.13932300000,45.45767900000,POET Biorefining- Groton,40425 133rd Street,Groton,SD,57445,http://www.poet.com,Corn,operating,50,May 2003
-99.43362400000,39.68649100000,Prairie Horizon Agri-Energy - LLC,1664 East 100 Road,Phillipsburg,KS,67661,http://www.prairiehorizon.com/,Corn,operating,40,July 2006
-95.41725800000,42.50700900000,Quad-County Corn Processors*,,Galva,IA,51020,http://www.quad-county.com/,Corn,operating,30,February 2002
-82.59219600000,32.37767400000,Range Fuels,,Soperton,GA,,http://www.rangefuels.com/,wood and wood waste,construction,10,second quarter 2010
-102.31478800000,46.88366300000,Red Trail Energy - LLC,,Richardton,ND,58652,http://redtrailenergyllc.com/,Corn,operating,50,December 2006
-98.50277000000,44.91178100000,Redfield Energy - LLC *,38650 171st Street,Redfield,SD,57469,http://www.redfieldenergy.com/,Corn,operating,50,December 2006
-100.86090300000,37.97499800000,Reeve Agri-Energy,5665 S US Highway 83,Garden City,KS,67846,,Corn/milo,operating,12,1981
-88.78891500000,43.03196800000,Renew Energy,,Jefferson Junction,WI,,,Corn,operating,130,July 2007
-104.18297700000,42.06322700000,Renova Energy,1919 East A Street,Torrington,WY,82240,http://www.renova-energy.com/,Corn,operating,12,Aug 2006
-90.03511810310,40.55809783890,Riverland Biofuels LLC,,Canton,IL,,,corn,operating,38,June 2007
-93.49425500000,39.35854100000,Show Me Ethanol,26530 E. Highway 24,Carrollton,MO,64633,http://www.showmeethanolllc.com/,Corn,operating,55,May 2008
-96.23434600000,43.08541700000,Siouxland Energy & Livestock Coop*,3890 Garfield Avenue,Sioux Center,IA,51250,http://www.siouxlandenergy.com/,Corn,operating,55,2000
-96.59177700000,42.45196600000,Siouxland Ethanol - LLC,1501 Knox Blvd.,Jackson,NE,68743,http://www.siouxlandethanol.com/,Corn,operating,50,May 2007
-84.20934000000,31.23850400000,Southwest Georgia Ethanol - LLC,,Camilla,GA,,http://www.firstunitedethanol.com/,Corn,operating,100,October 2008
-95.87906000000,41.23951300000,Southwest Iowa Renewable Energy - LLC *,,Council Bluffs,IA,,,Corn,operating,110,February 2009
-100.16569519100,40.28194808980,Standard Ethanol Cambridge LLC,,Cambridge,NE,,,corn,Not Producing,44,June 2008
-103.19345100000,40.63562100000,Sterling Ethanol - LLC,450 Angus Avenue,Sterling,CO,80751,http://www.sterlingethanol.com/,Corn,operating,42,November 2005
-102.27823638900,37.38612365760,Sun Energy LLC,,Walsh,CO,,,corn,operating,3,2006
-84.31668100000,35.73595300000,Tate & Lyle,198 Blair Bend Drive,Loudon,TN,37774,http://www.tateandlyle.com/TateAndLyle/default.htm,Corn,operating,60,June 2007
-94.17775100000,42.50832500000,Tate & Lyle,,Fort Dodge,IA,50501,http://www.tateandlyle.com/TateAndLyle/default.htm,Corn,construction,105,postone as of Nov 2009
-97.21136400000,46.90050400000,Tharaldson Ethanol,,Casselton,ND,,,Corn,operating,120,December 2008
-84.79495900000,42.26144400000,The Andersons Albion Ethanol LLC,26250 B Drive North,Albion,MI,49224,http://www.andersonsethanol.com/,Corn,operating,55,August 2006
-86.43455600000,40.72126900000,The Andersons Clymers Ethanol - LLC,3389 W 300 S,Clymers,IN,46947,http://www.andersonsethanol.com/,Corn,operating,110,May 2007
-84.60081900000,40.07768200000,The Andersons Marathon Ethanol - LLC,5728 Sebring Warner Road N,Greenville,OH,45331,http://www.andersonsethanol.com/,Corn,operating,110,March 2008
-101.02340500000,40.17600400000,Trenton Agri Products - LLC,36638 US Highway 34,Trenton,NE,69044,http://www.trentonagriproducts.com/,Corn,operating,40,March 2004
-88.93311600000,42.77303700000,United Ethanol,1250 Chicago Street,Milton,WI,53563,http://www.unitedethanol.com/,Corn,operating,55,January 2007
-89.07047600000,43.59055900000,United WI Grain Producers - LLC*,,Friesland,WI,,,Corn,operating,55,April 2005
-88.65161700000,43.98099100000,Utica Energy - LLC,4995 State Road 91,Oshkosh,WI,54904,http://www.uticaenergy.com/,Corn,operating,52,April 2003
-94.30503700000,42.51453200000,Valero Renewable Fuels,1930 Hayes Avenue,Fort Dodge,IA,50501,http://www.valero.com/Products/Renewables/Pages/Home.aspx,Corn,operating,110,October 2005
-94.93777200000,42.77789700000,Valero Renewable Fuels,2356 510th Street,Albert City,IA,50510,http://www.valero.com/Products/Renewables/Pages/Home.aspx,Corn,operating,100,November 2006
-92.74223700000,43.09394400000,Valero Renewable Fuels,1787 Quarry Road,Charles City,IA,50616,http://www.valero.com/Products/Renewables/Pages/Home.aspx,Corn,operating,110,April 2007
-95.50558700000,43.18267600000,Valero Renewable Fuels,3260 Van Buren Avenue,Hartley,IA,51346,http://www.valero.com/Products/Renewables/Pages/Home.aspx,Corn,operating,110,August 2008
-94.58271800000,43.65981400000,Valero Renewable Fuels,1444 120th Street,Welcome,MN,56181,http://www.valero.com/Products/Renewables/Pages/Home.aspx,Corn,operating,110,first quarter 2008
-96.68603300000,44.28215800000,Valero Renewable Fuels,,Aurora,SD,57002,http://www.valero.com/Products/Renewables/Pages/Home.aspx,Corn,operating,120,December 2003
-92.81541800000,42.67189600000,Valero Renewable Fuels,2615 260th St,Albion,NE,68620,http://www.valero.com/Products/Renewables/Pages/Home.aspx,corn,operating,100,October 2007
-81.86374664340,41.13838195840,Veolia ES Technical Solutions LLC,,Medina,OH,,,beverage waste,operating,6,July 2008
-83.39547729440,39.60506057760,VeraSun/West LB Bloomingburg LLC,,Bloomingburg,OH,,,corn,Not Producing,100,March 2008
-86.90390014610,40.18809890720,VeraSun/West LB Linden LLC,,Linden,IN,,,corn,Not Producing,100,August 2007
-92.65492500000,30.22350000000,Verenium,,Jennings,LA,,,Sugar Cane bagasse,operating,1,2008
-78.37003800000,43.21102200000,Western New York Energy LLC,4141 Bates Rd.,Shelby,NY,14103,http://www.wnyenergy.com/,corn,operating,50,January 2008
-100.73409200000,39.13326500000,Western Plains Energy - LLC*,3022 County Road 18,Campus,KS,67748,http://www.westernplainsenergy.biz/indexstartup.asp,Corn,operating,45,January 2004
-91.97657200000,45.04564700000,Western Wisconsin Renewable Energy - LLC*,N10185 370th Street,Boyceville,WI,54725,http://www.westernwisconsinenergy.com/,Corn,operating,45,late fall 2006
-98.85223500000,38.90022800000,White Energy,1224 E 15th S,Russell,KS,67665,http://www.white-energy.com/,Milo/wheat starch,operating,50,Oct 2001
-102.36898600000,34.88819400000,White Energy,99 S Progressive Road,Hereford,TX,79045,http://www.white-energy.com/,Corn/Milo,operating,100,March 2008
-93.64190000000,34.25037000000,White Energy,2698 E US Highway 70,Plainview,TX,79072,http://www.white-energy.com/,Corn,operating,100,April 2008
-84.16126200000,31.37964500000,Wind Gap Farms,,Baconton,GA,,,Brewery waste,operating,0,1998
-92.08771400000,41.89181600000,Xethanol BioFuels - LLC,2154 78th Street,Blairstown,IA,52209,http://www.xethanol.com/,Corn,operating,5,October 2004
-102.68075000000,40.25447500000,Yuma Ethanol,38480 County Road H,Yuma,CO,80759,http://www.yumaethanol.com/index.cfm,Corn,operating,50,October 2007